"checklist1_table_question","checklist1_table_answers"
"How many unique companies are present in rounds2?","90247"
"How many unique companies are present in companies?","66368"
"In the companies data frame, which column can be used as the unique key for each company? Write the name of the column.","npermalink"
"Are there any companies in the rounds2 file which are not present in companies? Answer yes or no: Y/N","Y"
"Merge the two data frames so that all variables (columns) in the companies frame are added to the rounds2 data frame. Name the merged frame master_frame. How many observations are present in master_frame?","Please refer to 'master_frame.csv'"
